word_list,alternative_list
Absender,abgesandt durch
Absolventen,Abschluss inhabende Person
Absolventen,Person mit Abschluss
Absolventenpraktikum,Praktikumsnach Studienabschluss
Abteilungsleiter,Abteilungsleitung
Abteilungsleiter,Abteilungsleitungen
Abteilungsleiter,Abteilungsleitende
Abteilungsleitertreffen,Treffen der Abteilungsleitungen
Administrator,Administration
Administrator,Admin
Adressat,adressierte Person
Agent,auskundschaftende Person
Agent,spionierende Person
Akademiker,Studierte
Akteure,Beteiligte
Akteure,Agierende
Akteure,Handelnde
Akteure,Aktive
Aktionär,Person mit Aktienbesitz
Aktionäre,Aktienhabende
Aktionäre,Anteilshabende
Aktionärsversammlung,Versammlung von Personen mit Aktienbesitz
Alkoholiker,alkoholsüchtige Person
Alkoholiker,Person mit Alkoholsucht
Alkoholiker,Alkoholsüchtige
Alkoholiker,Menschen mit Alkoholsucht
Altenpfleger,Pflegefachkraft
Ampelmännchen,Ampelfiguren
Ampelmännchen,Ampelfigürchen
Ampelmännchen,Ampelmenschlein
Anbieter,Angebot
Anbieter,Herstellung
Anbieter,angebotsstellende Person
Anbieter,angebotsmachende Person
andere,Gegenüber
der ein oder andere,"die eine oder der andere"
Anfänger,Unerfahrene
Anfänger,Menschen ohne Vorkenntnisse
Anfänger,Menschen ohne Vorerfahrung
Anfänger,Beginnende
Anfängerkurs,Einstiegskurs
Anfängerkurs,Grundkurs
Anfängerkurs,Kurs für Menschen ohne Vorkenntnisse
Anfängerkurs,Kurs für Menschen ohne Vorerfahrung
Angehöriger,Familienmitglied
Angeklagter,angeklagte Person
Anhänger,Fans
Anhänger,Begeisterte
Anhänger,Gleichgesinnte
Anhänger,Unterstützende
Anhänger,Sympathisierende
Anhänger,sichs Zuordnende
Animateur,Freizeitbetreuungsperson
Animateure,Animierende
Anleger,Anlegende
Anleiter,anleitende Person
Ansprechpartner,Ansprechperson
Ansprechpartner,Kontakt
Ansprechpartner,Auskunft gibt
Antragsteller,beantragende Person
Antragsteller,beantragende Einrichtung
Antragsteller,"die Person, die einen Antrag stellt"
Antragsteller,die antragstellende Person
Antragsteller,Antrag gestellt von
Anwalt,Rechtsbeistand
Anwaltskosten,Kosten für die Rechtsvertretung
Anwender,Nutzende
Anwender,Anwendende
Anwender,"Personen, die anwenden"
Anwender,Anwendung
anwenderbezogen,anwendungsbezogen
anwenderbezogen,praxisbezogen
Anwohner,"alle, die in dieser Straße wohnen"
Anwohner,Anwohnende
Anwohner,Nachbarschaft
Apotheker,Arzneikundige
Arbeiter,Arbeitskraft
Arbeiter,Erwerbstätige
Arbeiter,Belegschaft
Arbeiter,Beschäftigte
Arbeitgeber,Führungskraft
Arbeitgeber,Arbeitgebende
Arbeitgeber,Betriebe
Arbeitgeber,Unternehmen
Arbeitnehmer,angestellte Person
Arbeitnehmer,beschäftigte Person
Arbeitnehmer,Beschäftigte
Arbeitnehmer,Arbeitskräfte
Arbeitnehmer,Belegschaft
Arbeitnehmer,Personal
Architekten,Architekturschaffende
Arzt,Person im ärztlichen Dienst
Arzt,ärztliches Fachpersonal
Ärzte,ärztliches Personal
Hilfe eines Arztes,ärztliche Hilfe
Rat des Arztes,ärztlicher Rat
Arztbesuch,ärztlicher Kontakt
Arztbesuch,ärztliche Sprechstunde
Arztbesuch,Besuch der ärztlichen Sprechstunde
Arztbesuch,ärztliche Visite
Arztbrief,Entlassungsbrief
Arztbrief,Entlassbericht
Arztbrief,ärztlicher Befundbericht
Arztbrief,medizinischer Befundbericht
Arztbrief,ärztliches Informationsschreiben
Arztbrief,ärztliche Information
Arztgeheimnis,ärztliche Schweigepflicht
Arzthelferinnen,Medizinische Fachangestellte
Arztkoffer,Behandlungstasche
Arztköfferchen,Behandlungstasche
Arztkoffer,Medizinkoffer
Arztköfferchen,Medizinköfferchen
Arztkosten,Behandlungskosten
Arzt-Patienten-Verhältnis,ärztliches Vertrauendverhältnis
Arzt-Patienten-Verhältnis,medizinisches Behandlungsverhältnis
Arztpraxis,ärztliche Praxis
Arzttermin,Behandlungstermin
Arzttermin,Vorsorgetermin
Arztwahl,Wahl des ärztlichen Fachpersonals
Assistent,Assistenz
Assistenzarzt,Person in fachärztlicher Weiterbildung
Assistenzarzt,ärztliches Fachpersonal in Weiterbildung
Asylbewerber,Asylsuchende
Asylbewerber,Personen im Asylverfahren
Athlet,sporttreibende Person
Athleten,Sporttreibende
Athleten,Wettkämpfende
Attentäter,"Person, die ein Attentat verübt"
Auftraggeber,Auftraggebende
Auftraggeber,auftraggebende Personen
Auftraggeber,in Auftrag gegeben von
Auftraggeber,beauftragt von
Auftragnehmer,einen Auftrag entgegen nehmende Person
Auftragnehmer,einen Auftrag annehmende Person
Augenoptiker,Optikfachgeschäft
Ausländer,Person aus dem Ausland
Ausländer,Person nichtdeutscher Herkunft
Ausländer,ausländische Person
Ausländer,Person mit anderer Staatsangehörigkeit
Ausländerbehörde,Migrationsamt
Ausländerbehörde,Migrationsstelle
Ausländerbehörde,Zuwanderungsamt
Ausländerbehörde,Zuwanderungsstelle
Aussiedler,ausgesiedelte Person
Aussiedler,ausgesiedelte Personen
Aussteller,ausstellende Person
Aussteller,ausstellende Institution
Aussteller,Präsentierende
Ausstellerausweis,Ausweis der Ausstellenden
Ausstellerausweis,Ausweis der ausstellenden Person
Ausstellerliste,Liste der Ausstellenden
Ausstellerliste,Ausstellendenliste
Auszubildender,Nachwuchskraft
Auszubildender,Person in Ausbildung
Auszubildender,auszubildende Person
Auszubildender,lernende Person
Autor,bücherschreibende Person
Autoren,Autorenschaft
Autoren,Urheberrechtsinhabende
Autoren,Verfassende
Autoren,Schreibende
Autoren,Literaturschaffende
Babysitter,Aufsichtsperson
Babysitter,babysittende Person
Babysitter,Babysittende
Bäcker,Backwaren produzierende Person
Bäcker,Gebäck herstellende Person
Bäcker,Backende
Bäcker,im Backgewerbe Tätige
Bäcker,professionell Backende
Bankräuber,Bankausraubende
Bauarbeiter,Bauarbeiten ausführendes Personal
Bauern,Landwirtschaft Betreibende
Bauern,landwirtschaftlich Beschäftigte
Bauern,Beschäftigte in der Landwirtschaft
Bauherr,den Bau in Auftrag gebende Person
Bauherren,Bauende
Angebot für private Bauherren,Angebot für privat Bauende
Beamter,verbeamtete Person
Beamter,Person im Beamtenstatus
Beamter,der/die Beamte
Beamtenlaufbahn,verbeamteter Werdegang
Beamtenlaufbahn,Laufbahn im öffentlichen Dienst mit Aussicht auf Verbeamtung
Bearbeiter,den Vorgang betreuende Person
Bearbeiter,zuständige Person
Beauftragter,beauftragte Person
Bediener,bedienende Person
Bediener einer technischen Anlage,eine technische Anlage bedienende Person
Befragter,befragte Person
Befragter,"Person, die befragt wurde"
Befürworter,Unterstützung
Befürworter,Zustimmende
Behinderter,Mensch mit Behinderung
Beisitzer,Beisitzende
Bekannter,Person aus dem Bekanntenkreis
Bekannter,bekannte Person
Bekannter,Bekanntschaft
bemannt,besetzt
bemannt,mit Personen besetzt
bemannt,astronautisch
bemannte Raumfahrt,Raumfahrt mit Besatzung
bemannte Raumfahrt,astronautische Raumfahrt
bemuttern,fürsorglich sein
bemuttern,verhätscheln
bemuttern,umsorgen
Benutzer,Anwendende
Benutzer,Nutzende
benutzerfreundlich,praktisch zu bedienen
benutzerfreundlich,leicht zu bedienen
benutzerfreundlich,bedienungsfreundlich
benutzerfreundlich,benutzungsfreundlich
Benutzername,Anmeldename
Benutzername,Nickname
Benutzername,Pseudonym
Benutzeroberfläche,Bedienoberfläche
Benutzeroberfläche,Benutzungsoberfläche
Benutzerordnung,Nutzungsordnung
Beobachter,Beobachtende
Berater,beratende Person
Berater,die Beratung erfolgt durch
Berater,Sie werden beraten von
Beratertätigkeit,beratende Tätigkeit
Beratertätigkeit,Beratung
Berichterstatter,Bericht erstattende Person
Berichterstatter,Berichtende
Berliner,die Berliner Bevölkerung
Berufsanfänger,Berufsunerfahrene
Beschäftigter,Arbeitskraft
Beschuldigter,beschuldigte Person
Besitzer,besitzhabende Person
Besitzer von Immobilieneigentum,Immobilien besitzende Person
Besucher,Gäste
Besucher,Publikum
Besucher,Besuche
Besuchergruppe,Besuchsgruppe
Betrachter,Betrachtende
Betreiber,Betriebsgesellschaft
Betreiber,betreibende Firma
Betreuer,Betreuungsperson
Betriebsrat,Mitglied des Betriebsrates
Betriebsräte,Mitglieder des Betriebsrates
Betriebsräte,Mitarbeitendenvertretung
Betriebsräte,der Personalrat
Betroffener,betroffene Person
Betroffener,Opfer
Bewerber,sich bewerbende Person
Bewerber,Bewerbende
Bewerber,sich bewerbende Personen
Bewerberzahlen,Bewerbungszahlen
Bewohner,in Lebende
Bewohner,in lebende Menschen
Bewohner,Ortsansässige
Blogger,bloggende Personen
Blogger,"Personen, die einen Blog schreiben"
Briefträger,Briefzustellung
Briefträger,Postzustellung
Brüderlichkeit,Mitmenschlichkeit
Brüderlichkeit,Solidarität
Buhmann,Sündenbock
Buhmann,Feindbild
Bundespräsidentenwahl,Bundespräsidentschaftswahl
Bundespräsidentenwahl,BP-Wahl
Bürger,Mitglied des Staates
Bürger,Mitglied der Stadt
Bürger,dem Staat zugehörige Person
Bürger,Mitmensch
Bürger,Bevölkerung
Bürger,Einwohnerschaft
Bürger,Wahlberechtigte
Bürger,Staatsangehörige
Bürger,Einheimische
Bürger,im Ort Wohnende
Bürger,in der Stadt Wohnende
Bürgermeister,Stadtoberhaupt
Bürgerrechte,Rechte des deutschen Staatsvolkes
Bürgersteig,Gehweg
Bürgersteig,Fußweg
Bürgerzentrum,Kulturzentrum
Bürgerzentrum,Stadtteilzentrum
Bürgerzentrum,selbstverwaltetes Zentrum
Busfahrer,Busführung
Busfahrer,busführende Person
Chef,vorgesetzte Person
Chef,Leitungsperson
Chef,Leitung
Chefs,Vorgesetzte
Chefs,Leitung
Chefsache,Sache mit oberster Priorität
Chefsache,Angelegenheit mit besonderer Wichtigkeit
Chefsache,dringliche Sache
Chemiker,Fachkraft für Chemie
Chirurgenstahl,Chirurgiestahl
Christen,Menschen christlichen Glaubens
Coach,Begleitung
Coach,Beratung
Damenprogramm,Begleitprogramm
Darsteller,darstellende Person
Darsteller,Rollen
Darsteller,Besetzung
Darsteller,Darstellende
Dekan,Leitung des Dekanats
Dekan,Dekanat
Demonstranten,Demonstrierende
Designer,Designschaffende
Deutscher,Person aus Deutschland
Deutscher,deutsche Person
Deutscher,Person mit deutscher Staatsangehörigkeit
Dienstherrengenehmigung,Vorgesetztengenehmigung
Dienstleister,dienstleistende Person
Dienstleister,dienstleistendes Unternehmen
Diplomingenieur,diplomierte technische Fachkraft
Direktor,Leitung
Dirigent,unter dem Dirigat von
Dirigent,unter Leitung vons
Doktoranden,Promovierende
Doktorandenkolleg,Promotionskolleg
Doktorandenkolleg,Promovierendenkolleg
Dolmetscher,dolmetschende Fachkraft
Dönermann,Dönerbude
Dönermann,Kebapverkauf
Dozent,lehrende Person
Dozent,Lehrkraft
Dozent,Lehrperson
Dozent,vortragende Person
Dozenten,Dozierende
Dozenten,Lehrpersonal
Dozenten,Lehrende
Dozententätigkeit,Lehrtätigkeit
Ehegatten,Eheleute
Ehepartner,geehelichte Person
Ehrenamtler,Ehrenamtliche
Ehrenamtler,Freiwillige
Ehrenamtler,Engagierte
Ehrenmann,Ehrenperson
Eigentümer,Eigentum von
Immobilieneigentümer,Eigentumspartei
Hauseigentümer,Eigentumspartei
Immobilieneigentümer,Vermietende
Hauseigentümer,Vermietende
Ein-Mann-Betrieb,Ein-Personen-Betrieb
einer nach dem anderen,der Reihe nach
Einsteigerkurs,Einstiegskurs
Einsteigerkurs,Grundlagenkurs
Einsteigerkurs,Grundkurs
Einsteigerkurs,Basiskurs
Einwanderer,Menschen mit Migrationshintergrund
Einwanderer,Menschen mit Migrationsgeschichte
Einwanderer,Menschen mit Migrationsbiografie
Einwohner,die Menschen der Stadt
Einwohner,Population
Einwohner,Bevölkerung
Einwohnerdichte,Bevölkerungsdichte
Empfänger,empfangsberechtigte Person
Empfänger,empfangen von
Empfänger,bestimmt für
Enkel,Enkelkind
Entdecker,entdeckt von
Entdecker,entdeckt von
Entdecker,entdeckende Personen /Kinder
Entdecker,Forschende
Entdecker,Entdeckende
Entscheidungsträger,Person mit Entscheidungsbefugnis
Entwickler,Entwickelnde
Entwickler,Erfindende
Erben,Erbberechtigte
Ermittler,Ermittelnde
Ermittler,Ermittlungsteam
Erstsemester,Studierende im ersten Semester
Erzähler,erzählende Figur
Erzähler,erzählende Person
Erzähler,Erzählende
Erzieher,pädagogische Fachkraft
Erzieher,Erziehungskraft
Experte,Fachgröße
Experte,Autorität
Experte,Koryphäe
Experte,Person vom Fach
Experten,Fachkräfte
Experten,Fachleute
Experten,Fachkundige
Experten,Sachverständige
Expertengruppe,Fachgruppe
Expertentagung,Fachtagung
Expertenwissen,Fachwissen
Expertenwissen,Expertise
Facharzt,ärztliche Fachkraft
Fachmann,Fachkraft
Rat eines Fachmannes,fachkundiger Rat
Rat eines Fachmannes,fachlicher Rat
fachmännisch,fachkundig
Fachwissenschaftler,Fachforschende
Fahrer,Fahrdienst
Fahrer,Fahrzeugführende
Fahrer,Fahrende
Fahrerkabine,Fahrkabine
Fahrerkabine,Steuerungskabine
Fahrgast,mitreisende Person
Fahrgast,gegen Entgelt transportierte Person
Fahrgäste,Mitfahrende
Fahrgäste,Reisende
Fahrgastraum,Abteil
Fahrgastraum,Personenbeförderungsräume
Fahrradfahrer,Fahrrad fahrende
Fahrradfahrer,wer mit dem Fahrrad unterwegs ist
Fahrzeughalter,eine ein Fahrzeug besitzende Person
Familienhelfer,Familienhilfe
Familienhelfer,Familien unterstützende Kraft
Familienhelfer,im familienunterstützenden Dienst arbeitende Person
Familienhelfer,im familienunterstützenden Dienst angestellte Person
Fan,in besonderem Maße begeisterte Person
Fans,Begeisterte
Basketballfans,Basketballbegeisterte
Favorit,favorisierte Person
Favorit,favorisierte Option
Feind,verfeindete Person
Feuerwehrmänner,Einsatzkräfte der Feuerwehr
Feuerwehrmänner,Feuerwehrangehörige
Feuerwehrmänner,Feuerwehr
Feuerwehrmänner,Feuerwehrleute
Filmemacher,filmschaffende Person
Filmemacher,Filmschaffende
Filmstar,Filmgröße
Filmstar,Filmberühmtheit
Finanzintermediäre,Anbietende von Finanzintermediation
Finanzintermediäre,Finanzintermediierende
Flüchtlinge,Geflüchtete
Flüchtlinge,Flüchtende
Flüchtlinge,geflüchtete Menschen
Förderer,"Stelle, die Fördermittel vergibt"
Förderer,unterstützender Personenkreis
Fördermittelgeber,"Stelle, die Fördermittel vergibt"
Fördermittelgeber,fördermittelgebende Stelle
Forscher,Forschende
Forscher,Universitätsmitglieder
Forscher,wissenschaftliches Personal der Universität
Forscher,"Menschen, die in der Forschung tätig sind"
Forscher,Forschungsteam
Forschergemeinde,Forschungsgemeinde
Forscherkolloquium,Forschungskolloquium
Forscherteam,Forschungsteam
Fotograf,fotografierende Person
Fotograf,Fotografie betreibende Person
Fotografen,Fotografierende
Fotografen,Aufnehmende
Freund,Bezugsperson
Freund,Herzensmensch
Freund,Bekanntschaft
Freunde,Bekannte
Freunde,Bezugspersonen
Friseure,Frisierende
Führerschein,Fahrerlaubnis
Führerschein,Fahrberechtigung
Funktionär,in Funktion gewählte Person
Funktionär,verantwortliche Person
Funktionär,beauftragte Person
Funktionär,bevollmächtigte Person
Funktionsträger,in Funktion gewählte Person
Funktionsträger,verantwortliche Person
Funktionsträger,beauftragte Person
Funktionsträger,bevollmächtigte Person
Fußballspieler,Fußballspielende
Fußgänger,Menschen zu Fuß
Fußgänger,zu Fuß Gehende
Fußgängerstreifen,Zebrastreifen
Fußgängerweg,Gehweg
Fußgängerzone,Flanierzone
Fußgängerzone,Einkaufsstraße
Fußgängerzone,verkehrsfreie Zone
Fußgängerzone,verkehrsberuhigter Bereich
Gärtner,Gartenarbeitskraft
Gast,Besuch
Gast,Besuchsperson
Gastbeitrag,Sonderbeitrag
Gäste,Eingeladene
Gäste,Geladene
Gäste,Besuche
Gastgeber,Einladende
Gasthörer,Studierende im Gaststudium
Gasthörerstatus,Gaststudierendenstatus
Gasthörerstudium,Gaststudium
Gasthörerstudium,Hospitation
Geisterfahrer,Fahrzeug in falscher Richtung
Geldgeber,Geldgebende
Geldgeber,support
Generaldirektor,Direktoriumsleitung
Generalist,Universalgenie
Generalist,Multitalent
Gerätewart,Geräteaufsicht
Geschäftsführer,Geschäftsführung
Geschäftsführer,Geschäftsleitung
Geschäftsmänner,Geschäftsleute
Geschäftspartner,geschäftliche Verbindung
Gesellschafter,Betriebsgesellschaft
Gesetzgeber,Legislative
Gesetzgeber,gesetzgebende Instanz
Gesetzgeber,Gesetzgebende
Gesprächspartner,Gesprächsbeteiligte
Gesprächspartner,Gegenüber
Gewinner,Erster Platz
Gläubiger,Geldgebende
Gläubiger,Kreditgebende
Götter,Allwissende
Götter,Allmächtige
Götter,übernatürliche Wesen
Götter,Ewige
Götter,Gottheiten
Grinsepeter,Grinsebacke
Grinsepeter,Grinsegesicht
Grinsepeter,Grinsekuchen
Gründer,gründende Person
Gründerzeit,Gründungszeit
Gruppenleiter,Gruppenleitende
Gruppenleiter,Gruppenleitung
Guru,spirituelles Vorbild
Guru,spiritutelles Idol
Gutachter,begutachtet von
Gutachter,Sachverständige
Hacker,"Personen, die fremde Digitaldaten nutzen"
Hacker,Hackende
Hackerangriff,Hackingangriff
Hackerangriff,Hackangriff
Hamburger,die Hamburger Bevölkerung
Handwerker,handwerkliches Fachpersonal
Handwerker,Handwerksbetriebe
Hauptcharakter,Hauptfigur
Hauptcharakter,Hauptperson
Hauptcharakter,Hauptfigur
Hauptcharakter,zentrale Gestalt
Hauptcharakter,Schlüsselfigur
Hauptcharakter,Titelrolle
Hausherr,Familienvorstand
Hausherr,Hausvorstand
Hausmeister,Gebäudemanagement
Hebammen,Geburtshelfende
Held,Schlüsselperson
Held,Hauptperson
Held,außerordentlich erfolgreiche Person
Helfer,Hilfskraft
Helfer,Assistenz
Helfer,Helfende
ehrenamtliche Helfer,Ehrenamtliche
ehrenamtliche Helfer,Freiwillige
ehrenamtliche Helfer,Engagierte
Herausgeber,herausgegeben von
einer Sache Herr werden,etwas in den Griff bekommen
einer Sache Herr werden,etwas unter Kontrolle bekommen
einer Sache Herr werden,etwas besser überblicken zu können
sein eigener Herr sein,unabhängig sein
sein eigener Herr sein,sich nach niemandem richten müssen
herrenlos,verlassen
herrenlos,nicht zuzuordnen
herrenlos,unbeaufsichtigt
herrenlos,personenlos
herrenlos,frei
herrenlos,besitzlos
ein herrenloser Koffer,ein verlassener Koffer
ein herrenloser Koffer,ein nicht zuordenbarer Koffer
ein herrenloser Koffer,"ein Koffer, der keiner Person gehört"
Herrscher,Staatsoberhaupt
Hersteller,Herstellfirma
Hexe,Zauberkräften
Hexe,mit Zauberkräften ausgestattete Person
Hexe,"Person, die Zauberkraft hat"
Hostessen,Gästebetreunde
Hosts,Gästebetreuende
Ich-Erzähler,Ich-Form
Ich-Erzähler,Ich-Figur
Ich-Erzähler,erzählendes Ich
Immigranten,Menschen mit Migrationshintergrund
Immigranten,Menschen mit Migrationsgeschichte
Immigranten,Menschen mit Migrationsbiografie
Immobilienbesitzer,Immobilienbesitzende
Informant,Informationsquelle
Informant,Quelle
Informatiker,auf den IT-Bereich spezialisierte Person
Ingenieurberuf,Ingenieursberuf
Ingenieurwesen,Technikwissenschaften
Ingenieurwesen,technische Wissenschaften
Ingenieurwesen,Technik
Inhaber,etwas innehabende Person
Initiatoren,Initiierende
Investoren,Investierende
Interessenten,Interessierte
Interviewer,interviewende Person
Interviewer,Interviewende
Interviewpartner,Interviewte
Jäger,jagende Person
Jäger,Person auf der Jagd
Jäger,Jägerschaft
Jäger,jagende Personen
Jäger,Personen auf der Jagd
jeder,alle
jeder,alle für sich
Jeder kann teilnehmen,Alle können teilnehmen
"jeder, der ","alle, die "
"jeder, der ","jene, die "
jedermann,alle
"jemand, der ","eine Person, die "
"jemand, der ","ein Mensch, der "
Journalist,Presse
Journalist,Medien
Journalist,jemand von der Presse
Journalist,jemand vom Fernsehen
Journalist,wer für die Zeitung berichtet
Journalist,wer fürs Fernsehen berichtet
Journalisten,im Journalismus Tätige
Journalisten,im Journalismus arbeitende
Journalisten,Medienschaffende
Journalisten,Presse
Journalisten,die Medien
Juden,Menschen jüdischen Glaubens
Juden,jüdische Menschen
Juden,Mitglieder der jüdischen Gemeinschaft
Juden,Angehörige der jüdischen Gemeinschaft
Juden,Angehörige des jüdischen Volkes
Juden,Mitglieder des jüdischen Volkes
Jugendlicher,junge Person
Jugendlicher,junger Mensch
Jugendlicher,Teenie
Jugendlicher,Teen
Jugendlicher,Teenager
Kameramänner,Kamerateam
Kandidaten,Kandidierende
Kandidatenfragen,Personalfrage
Kandidatenfragen,K-Frage
Kandidatenvorschlag,Personalvorschlag
Kanzler,Regierung führende Person
Kanzler,Regierungsoberhaupt
Kanzleramt,Amt des Regierungsoberhauptes
Karnevalisten,Karneval Feiernde
Kassierer,Person an der Kasse
Katholiken,Menschen katholischen Glaubens
kaufmännisch,zahlentechnisch
kaufmännisch,finanztechnisch
kaufmännisch,in Zahlen gesehen
eine kaufmännische Ausbildung,Ausbildung zur Fachkraft für Büromanagement
keiner,niemand
Kellner,Servicekraft
Kellner,Bedienung
Kinderarztpraxis,Praxis für Kinderheilkunde
Kindergärtner,pädagogische Fachkraft
Kindergärtner,Erziehungskraft
Kindermädchen,Kinderbetreuung
Kindermädchen,Aupair
Kläger,klagende Person
Kleinbauern,kleine Landwirtschaftsbetriebe
Klient,ratsuchende Person
Klient,Beratung in Anspruch nehmende Person
Klient,"Person, die in die Beratung kommt"
Klient,Fall
Klient,Besuch
Klienten,Klientel
klientenorientiert,orientiert am Bedarf der ratsuchenden Person
Kollege,mitarbeitende Person
Kollegen,Kollegschaft
Kollegen,Kollegium
Unterstützung eines Kollegen,kollegiale Unterstützung
Kommentator,kommentierender Pressemensch
Kommentator,kommentierende Presse
Kommentatoren,Kommentar von Medienschaffenden
Kommilitonen,Mitstudierende
Komparse,stumme Rolle
Komparse,Person ohne Sprechrolle
Komparse,Nebenfigur
Komponist,musikschaffende Person
Komponist,kompositionstätige Person
Komponisten,Musikschaffende
Komponisten,Kompositionstätige
Konfirmand,zu konfirmierende Person
Konfirmanden,zu Konformierende
Konfirmanden,Jugendliche in der Konfirmationsvorbereitung
Konfirmandenunterricht,Konfirmationsunterricht
Kontrahent,Gegenüber
Kontoinhaber,kontoinhabende Person
Konkurrent,Konkurrenz
Konsumenten,Konsumierende
Konsumenten,Kundschaft
Konsumenten,einkaufende Zielgruppe
Konsumenten,konsumierende Zielgruppe
Kooperationspartner,in Kooperation mit
Koordinator,Koordination
Krankenschwester,Pflegefachkraft
Krankenschwester,Pflegekraft
Krankenschwestern,Pflegekräfte
Krankenschwestern,Pflegepersonal
Krankenschwestern,Beschäftigte in der Krankenpflege
Krankenschwestern,professionell Pflegende
Krankenschwestern,Pflegende
Kreditnehmer,kreditnehmende Person
Kreditnehmer,Kreditnehmende
Kritiker,Kritisierende
Kritiker,Kritische
Kritiker,kritische Stimmen
Küchenhelfer,Küchenhilfe
Kunde,Kundschaft
Kundenauftrag,Auftrag durch Kundschaft
Kundenauftrag,Auftrag
Kundenbedürfnisse,Bedürfnisse der Kundschaft
Kundenberatung,Beratung der Kundschaft
kundenfreundlich,praktisch zu bedienen
kundenfreundlich,publikumsfreundlich
kundenfreundlich,nutzungsfreundlich
Kundengruppe,Kundschaft
kundenorientiert,publikumsorientiert
Kundenwerbung,Akquise
Kundenwünsche,Wünsche der Kundschaft
Kunstfreunde,Kunstbegeisterte
Künstler,Kunstschaffende
Künstlername,Pseudonym
Künstlername,Kunstname
Laborant,Laborfachkraft
Laborarbeiter,Laborfachkraft
Laie,Mensch ohne Fachkenntnisse
Laie,fachunkundige Person
Laie,fachfremde Person
Laien,Fachunkundige
Laien,Fachfremde
Landsmänner,Landsleute
Landwirte,Landwirtschaft Betreibende
Landwirte,landwirtschaftlich Beschäftigte
Landwirte,Beschäftigte in der Landwirtschaft
Lehrer,Lehrperson
Lehrer,Lehrkräfte
Lehrer,Lehrpersonen
Lehrer,das Kollegium
Lehrer,Lehrende
Lehrerpult,Tisch der Lehrkraft
Lehrerpult,Pult der Lehrkraft
Lehrerzimmer,Arbeitszimmer der Lehrkräfte
Lehrerzimmer,Teamraum
Lehrling,Nachwuchskraft
Lehrling,Person in Ausbildung
Lehrling,auszubildende Person
Lehrling,lernende Person
Lehrlinge,Auszubildende
Lehrlinge,Lernende
Lehrstuhlinhaber,Leitung des Lehrstuhles
Lehrstuhlinhaber,Leitende eines Lehrstuhles
Lehrstuhlleiter,Leitung des Lehrstuhls
Lehrstuhlleiter,Leitende eines Lehrstuhles
Leistungsbezieher,Leistung Beziehende
Leiter,Leitung
Lektor,das Lektorat
Anmerkungen des Lektors,Anmerkungen des Lektorats
Lektorstelle,Lektoratsstelle
Lenker,Fahrzeug lenkende Person
Leser,lesende Person
An den werten Leser,An die werten lesenden Personen
Leser,Leserschaft
Leser,lesende Zielgruppe
Leser,Lesende
Leserbrief,Kommentar zum Artikel
Leserbriefe,Ihre Meinungen
Leserbriefe,Ihre Meinungen
Leserbriefe,offene Zuschriften
leserfreundlich,lesefreundlich
Lieber ,An
Lieber ,Hallo
Lieber ,Guten Tag
Lieferant,Lieferfirma
Linkshänder,linkshändige Person
Literaturkritiker,Literatur kritisierende Person
Literaturkritiker,Literaturkritisierende
Macher,Aktive
Mädchen für alles,Mensch für alles
Mädchenname,Geburtsname
Magier,Zauberkunst ausübende Person
Man glaubt es kaum,Ich glaube es kaum
Manager,Management
Manager,Unternehmensführung
Manager,Führungskraft
manch einem,manch einer Person
Mann ,Person
alle Mann an Bord!,alle an Bord!
etwas am Mann tragen,etwas bei sich tragen
Not am Mann,Notsituation
Ein-Mann-Betrieb,Eine-Person-Betrieb
seinen Mann stehen,auf sich gestellt sein
seinen Mann stehen,sich behaupten
seinen Mann stehen,sich bewähren
Männchen,Figürchen
Männchen,Spielfigur
Manndeckung,1:1-Verteidigung
Mannsbild,gestandene Person
Massbild,Powermensch
Mannschaft,Team
Mannschaft,Gruppe
Mannschaft,Kollektiv
Damenmannschaft,Damenteam
Frauenmannschaft,Frauenteam
Mädchenmannschaft,Mädchenteam
Mathematiker,mathematisch qualifizierte Person
Mathematiker,sich mit Mathematik befassende Person
Matrose,Mitglied der Schiffsbesatzung
Medienanbieter,Medienorganisationen
Medienpartner,in Medienpartnerschaft mit
Mediziner,medizinisches Fachpersonal
Mediziner,ärztliches Fachpersonal
Meister,Erster Platz der Deutschen Meisterschaft
Meister,Erster Platz der Weltmeisterschaft
Meister,Erstplatzierte
Meisterschaft,Turnier
Meisterschaft,Wettbewerb
Mentor,Vorbild
Mentor,fürsprechende Person
Mentor,beratende Person
Mentor,fördernde Person
Mieter,Mietperson
Mieter,Mietpartei
Mieterverein,Mietverein
Mieterverein,Mietvertretung
Migrant,Person mit Migrationshintergrund
Migrant,eingewanderte Person
Migranten,Personen mit Migrationshintergrund
Migranten,Eingewanderte
Migranten,Zugewanderte
Migranten,Migrierte
Milchmädchenrechnung,Trugschluss
Milchmädchenrechnung,Irrtum
Milchmädchenrechnung,falsche Erwartung
Milchmädchenrechnung,Fehlschluss
Milchmädchenrechnung,Illusion
Mitarbeiter,Mitarbeitende
Mitarbeiter,Beschäftigte
Mitarbeiter,Angestellte
Mitarbeiter,Tätige
Mitarbeiter,Belegschaft
Mitarbeiter,Arbeitskräfte
Mitarbeiter,Kollegium
Mitarbeiter,Personal
Mitarbeiter,Teammitglieder
Mitarbeiter,Werktätige
Mitarbeiter,Betriebsangehörige
Mitarbeiter,Konzernangehörige
Mitarbeiter,Firmenangehörige
Mitarbeiter,Unternehmensangehörige
Mitarbeiter,bei uns beschäftigte Personen
Mitarbeiter,Festangestellte
Mitarbeiter,Untergebene
Mitarbeiter,Arbeitsgemeinschaft
Mitarbeiter,Arbeitsgruppe
Mitarbeiter,Beteiligte
Mitarbeiter,Crew
Mitarbeiter,Gruppe
Mitarbeiter,Servicekräfte
Mitarbeiter,Servicepersonal
Mitarbeiter,Team
Mitarbeiter in Teilzeit,Teilzeitkraft
Mitarbeiter der Hochschule,Hochschulpersonal
Unimitarbeiter,Hochschulpersonal
Mitarbeiterführung,Personalmanagement
Mitarbeiterführung,Personführung
Mitarbeiterführung,Personalpolitik
Mitarbeitergespräch,Dienstbesprechung
Mitarbeitergespräch,Qualifikationsgespräch
Mitarbeitergespräch,Arbeitsgespräch
Mitarbeitergespräch,Beurteilungsgespräch
Mitarbeitergespräch,Jahresgespräch
Mitarbeitergespräch,Beschäftigtengespräch
Mitarbeitergespräch,Personalgespräch
Mitarbeiterorientierung,orientiert an den Mitarbeitenden
Mitarbeiterorientierung,Mitarbeitendenorientierung
Mitarbeitersuche,Personalsuche
Mitarbeitersuche,Mitarbeitendensuche
Mitarbeiterstellen,Stellen für Mitarbeitende
Mitarbeiterstellen,Arbeitsplätze
Mitbewohner,Wohnungsteilende
Mitbürger,Mitmensch
Mitbürger,Landsleute
Mitbürger,Mitmenschen
Mitbürger,Staatsangehörige
Mitfahrergelegenheit,Mitfahrgelegenheit
Mitglieder,Zugehörige
Mitglieder,Angehörige
Mitglieder,Teil von
Mitschüler,andere Kinder aus der Klasse
Mitschüler,andere Kinder aus der Schule
Mitschüler,Mitlernende
Mitwisser,Eingeweihte
Moderator,Moderation
Modeschöpfer,Mode Schaffende
Mofafahrer,Mofa Fahrende
Mörder,einen Mord begehende Person
Mörder,mordende Person
Müllmann,Müll entsorgende Person
Müllmänner,Beschäftigte der Müllabfuhr
Müllmänner,Müllabfuhr
Multiplikator,"Person, die Informationen weitergibt"
Multiplikator,"Person, die Wissen weitergibt"
Multiplikator,Wissen weitergebende Person
Multiplikator,Information weitergebende Person
Musiker,Musikausübende
Musiker,Musikschaffende
Musiker,Musikspielende
Musiker,Musizierende
Musiker,Mitglieder eines Orchesters
Muslim,Mensch muslimischen Glaubens
Mutter,Elternteil
Mutter-Kind-Gruppe,Eltern-Kind-Gruppe
Mutter Natur,Natur
Mutter Natur,Grüne
Mutter Natur,Naturreich
Mütterberatung,Elternberatung
mütterlicherseits,brittalicherseits
mütterlicherseits,martinalicherseits
Muttermilch,Elternmilch
Muttermilch,Brustmilch
Mutterschutz,Elternschutz
Muttersprache,Erstsprache
Muttersprache,Familiensprache
Nachbarn,nebenan Wohnende
Nachbarn,Hausgemeinschaft
Nachfolger,Nachfolge
Nachwuchswissenschaftler,wissenschaftlicher Nachwuchs
Namensvetter,Gleichnamige
Nutzer,nutzende Person
Nutzer,"Person, die nutzt"
Nutzer,"Personen, die nutzen"
Nutzer,Nutzung
Nutzer,Mitglieder
Nutzer,Nutzende
Nutzergruppe,mit Aufgaben betrauter Personenkreis
Nutzergruppe,mit Aufgaben arbeitender Personenkreis
Oberarzt,ärztliche Führungskraft
Ombudsmann,Ombudsperson
Organisatoren,Organisation
Organisatoren,Organisationsteam
Organisatoren,Organisationskomitee
Organisatoren,organisiert von
Organisatoren,Organisierende
Organspender,Organ Spendende
Organspender,Organ spendende Personen
Pächter,pachtende Person
Pädagoge,pädagogische Fachkraft
Paketbote,Paketzustellung
Parlamentarier,Abgeordnete
Partner,Gegenüber
Partner,Unterstützung
Partner,Mitglied
Partner,Beteiligte
Partner,Kooperationen
Partner,Mitwirkende
Partner,Partnerorganisationen
Partnerarbeit,Zweierarbeit
Partnerarbeit,Paararbeit
Partnerarbeit,Tandemarbeit
Partnerschaft,Beziehung
Partnerschaft,Kooperation
Partnerschaft,Zusammenarbeit
Partnerschaft,Tandem
Passagier,reisende Person
Passagiere,Reisende
Passanten,Vorübergehende
Passantenbefragung,Straßenbefragung
Pate,Patenamt
Pate,Patenschaft
Patienten,zu behandelnde Personen
Patienten,"Personen, die in Behandlung sind"
Patienten,Kranke
Patienten,Erkrankte
Patienten,Menschen mit einer Erkrankung
Patienten,"Menschen, die im Krankenhaus liegen"
Patienten,Betroffene
Patienten,Behandelte
Krebspatienten,von der Krebskrankheit Betroffene
Patientenverfügung,Verfügung für betreuende Personen
Patientenversorgung,ärztliche Versorgung
Patientenversorgung,Behandlung
Patientenversorgung,Pflege
Pendler,Pendelnde
Pendlerpauschale,Entfernungspauschale
Pendlerpauschale,Pendelpauschale
Pendlerpauschale,Pauschale für Pendelnde
Pendlerpauschale,"Pauschale für Menschen, die pendeln"
Personalleiter,Personalleitung
Personalrat,Mitglied des Personalrates
Personalräte,Mitglieder des Personalrates
Personalräte,der Personalrat
Personalräte,Mitarbeitendenvertretung
Personalvertreter,Personalvertretung
Pfadfinder,Scout
Pfadfinder,Pfadis
Pfarrer,Pfarrperson
Pfleger,Pflegekraft
Pfleger,Pflegekräfte
Pfleger,Pflegepersonal
Pfleger,die Pflege
Pilot,flugzeugführende Belegschaft
Pionier,vorkämpfende Person
Planer,planende Personen
Planer,planende Institutionen
Politiker,Menschen in der Politik
Politiker,"Menschen, die in der Politik tätig sind"
Polizisten,Polizei
Polizisten,Polizeikräfte
Polizisten,Polizeileute
Postbote,Postzustellung
Praktikant,eine ein Praktikum absolvierende Person
Praktikant,eine Person im Praktikum
Praktikant,eine sich in einem Praktikum befindende Person
Praktikant,Intern
Praktikanten,Auszubildende im Praktikum
Praktikantenstelle,Praktikumsstelle
Praktiker,Praktizierende
Praktiker,Leute aus der Praxis
Praktiker,praktisch veranlagte Menschen
Präsident,Staatsoberhaupt
Präsident,Vorsitz
Präsidenten,Vorsitzende
die Vereinspräsidenten,die Vereinsvorsitzenden
Präsidentenwahl,Präsidentschaftswahl
Prediger,Predigende
Preisträger,ausgezeichnete Person
Proband,Testperson
Proband,Versuchsperson
Probanden,Testpersonen
Probanden,Versuchspersonen
Probanden,Teilnehmende
Produzent,die Produktionsleitung innehabende Person
Produzenten,Produzierende
Produzenten,Produktionsteam
Professor,eine Professur innehabende Person
Professoren,Professorenschaft
Profi,Fachperson
Profi,Person mit Fachwissen
Profi,Person mit Fachkenntnis
Profis,Sachkundige
Profis,Fachleute
Profis,Sachverständige
Programmierer,Softwareerstellende
Programmierer,Programmierende
Projektleiter,Projektleitung
Proletarier,Lohnabhängige
Proletarier,Werktätige
Proletarier,Arbeitende
Proletarier,Angehörige des Proletariats
Protagonist,Figur
Protagonist,Hauptperson
Protagonist,Hauptfigur
Protagonist,zentrale Gestalt
Protagonist,Schlüsselfigur
Protagonist,Titelrolle
Protagonisten,Hauptpersonen
Protagonisten,Hauptfiguren
Protagonisten,zentrale Gestalten
Protagonisten,Schlüsselfiguren
Protagonisten,Titelrollen
Protagonisten,Aktive
Protokollführer,protokollführende Person
Prüfer,Prüfungsleitung
Prüfer,Prüfungsabnahme durch
Prüfer,geprüft von
Prüfling,zu prüfende Person
Psychotherapeut,psychotherapeutisches Fachpersonal
Putzfrau,Reinigungspersonal
Putzfrau,Reinigungskraft
Putzfrau,Raumpflege
Rabbiner,Mitglied des Rabbinats
Rabbiner,Rabbinat
Radfahrer,Rad Fahrende
Radfahrer,wer mit dem Rad unterwegs ist
Ratgeber,Wegbegleitung
Ratgeber,Beistand
Ratgeber,ratgebende Person
Ratgeber,beratende Person
Raucherbereich,Bereich für Rauchende
Raucherpause,Zigarettenpause
Rechnungsprüfer,Rechnungsprüfung
Rechnungsprüfer,"Person, die die Rechnungsprüfung macht"
Rechnungsprüfer,"Person, die für die Rechnungsprüfung verantwortlich ist"
Rechtsanwalt,Rechtsbeistand
Rechtshänder,rechtshändige Person
Redakteur,Redaktion
Redakteur,Redationsmitglied
Redner,referierende Person
Redner,vortragende Person
Rednerliste,Redeliste
Rednerpult,Redepult
Referent,referierende Person
Referent,vortragende Person
Referenten,Referierende
Referenten,Vortragende
Referenten warens,Es referierten
Reiseleiter,Reiseleitung
Rekrut,Nachwuchs
Rektor,Schulleitung
Rentner,"Menschen, im Rentenalter"
Rentner,"Menschen, die in der Rente sind"
Reporter,Presse
Reporter,berichterstattende Person
Reporter,Medienvertretung
Repräsentanten,Vertretung
Rettungsschwimmer,aus dem Wasser rettende Person
Rezipient,rezipierende Person
Rezipient,empfangende Person
Rezipienten,Rezipierende
Rezipienten,Publikum
Richter,rechtsprechende Person
Richter,Richterschaft
Rollstuhlfahrer,Person im Rollstuhl
Sachbearbeiter,Verwaltungskraft
Sachbearbeiter,Verwaltungskräfte
Sachbearbeiter,Sachbearbeitende
Sänger,Stimme
Sänger,Stimmen
Sänger,Chor
Sänger,"Personen, die singen"
Sänger,Gesangsgruppe
Sänger,Singende
Sanitäter,Rettungskräfte
Schatzmeister,Finanzvorstand
Schatzmeister,Kassenführung
Schatzmeister,Kassenverwaltung
Schauspieler,Rollen
Schauspieler,Besetzung
Schauspieler,Darstellende
Schirmherr,Support
Schirmherr,gefördert von
Schirmherr,unterstützt von
Schirmherrschaft,Support
Schirmherrschaft,gefördert von
Schirmherrschaft,unterstützt von
Schlichter,Schlichtende
Schlichter,Schlichtungsperson
Schneemann,Schneefigur
Schöpfer,schaffende Person
Schöpfer,Schaffende
Schulabbrecher,Geringqualifizierte
Schulabbrecher,Menschen ohne Schulabschluss
Schuldiger,schuldige Person
Schüler,Schulkind
Schüler,Klassenmitglied
Schüler,Schulkinder
Schüler,Kinder
Schüler,Jugendliche
Schüler,die Klasse
Schüler,Lernende
Schüler,Beschulte
Schüler,Klassenmitglieder
Schüleraustausch,Schulaustausch
Schülerbegegnung,Schulbegegnung
Schülerbegegnung,Klassenbegegnung
Schwiegermutter,Schwiegerelternteil
Schwiegervater,Schwiegerelternteil
Seefahrer,Seeleute
Seemann,Hochsee-Fachkraft
Seemann,maritime Fachkraft
seinerzeit,zu jener Zeit
seinerzeit,damals
seinerzeit,einst
seinerzeit,früher
seinesgleichen,von gleicher Art
Sekretärin,Verwaltungskraft
Sekretärin,Assistenz
Sekretärin,Schreibkraft
Sekretärin,Bürokraft
Sekretärinnen,Verwaltungskräfte
Sekretärinnen,Verwaltungsfachangestellte
Sekretärinnen,Assistenzen
Sekretärinnen,Schreibkräfte
Sekretärinnen,Bürokräfte
Selbstmörder,einen Selbstmord/Suizid begehende Person
Seminarleiter,Seminarleitung
Sender,gesendet von
Sender,Sendende
Senioren,ältere Menschen
Senioren,Menschen im Rentenalter
Sexist,sexistische Person
Sieger,Erster Platz
Sitznachbar,Person neben mir
Sitznachbar,nebenan sitzende Person
Soldat,Mitglied der Streitkräfte eines Landes
Sozialarbeiter,in der Sozialarbeit tätige Person
Sozialarbeiter,Sozialarbeitende
Sozialpädagoge,sozialpädagogische Fachkraft
Sozialversicherungsfachangestellter,in der Sozialversicherung fachangestellte Person
Spaziergänger,Person zu Fuß
Spaziergänger,spazierende Person
Spaziergänger,wandernde Person
Spaziergänger,Wandersperson
Spaziergänger,Personen zu Fuß
Spender,Gebende
Spender,Sponsoring
Spender,Spenden
Spezialisten,Sachkundige
Spezialisten,Fachleute
Spezialisten,Sachverständige
Spieler,Teammitglied
Spieler,Spielende
Spieler,Teammitglieder
Spion,auskundschaftende Person
Spion,spionierende Person
Sprecher ,Abgeordnete
Sprecher,Stimme
Sprecher,Text gesprochen von
Sprecher,Moderation
Sprecher,Kommentar
Sprecher,Ansage
Sprecher,Sprachrohr
Sprecher,Pressestelle
Sprecher,Öffentlichkeitsarbeit
Sponsoren,Sponsoring
Sponsoren,geldgebende Personen
Sponsoren,geldgebende Firmen
Sportfreunde,Mitglieder des Vereins
Sportfreunde,Mitglieder unseres Vereins
Sportler,sporttreibende Person
Sportler,Sporttreibende
Staatsbürgerschaft,Staatsangehörigkeit
Staatsbürgerschaft,Nationalität
Staatsmänner,Volksbeauftragte
Staatsmänner,Menschen in der Politik
Stadtführer,Stadtführung
Stadtführer,Reiseleitung
Star,berühmte Persönlichkeit
Star,Berühmtheit
Steinewerfer,Steinewerfende
Steinewerfer,Steine werfende Personen
Stellvertreter,Stellvertretung
Steuerhinterzieher,Steuerhinterziehende
Stifterrat,Stiftungsrat
Stifterversammlung,Stiftungsversammlung
Stipendiaten,Studierende mit Stipendium
Störer,Störende
Strahlemann,Sonnenschein
Student,Mitglied der Studierenden
Studenten,Studierende
Studienanfänger,Studienbeginnende
Studienanfänger,Erstis
Studienanfänger,Erstsemestrige
Studienbewerber,Studienbewerbungen
Studienbewerber,Einschreibungen
Tagesmutter,Tagespflege
Tagesmutter,Tagesbetreuung
Tagesmutter,Tageseltern
Tagesmutter,Kinderbetreuung
Tante-Emma-Laden,Minimarkt
Tante-Emma-Laden,Laden für Waren des täglichen Bedarfs
Täter,Unrechtsperson
Täter,Unrechtspersonen
Täter,Tatbegehende
Täter,Kriminelle
Täter,Tat begangen von
Täufling,Taufkind
Teamleiter,Teamleitung
Techniker,technische Fachkraft
Teilnehmer,Teilnehmende
Teilnehmer,Beteiligte
Teilnehmer,"alle, die an teilnehmen"
Teilnehmer,Anwesende
Teilnehmer,Anmeldungen
Teilnehmergebühr,Teilnahmegebühr
Teilnehmerliste,Teilnahmeliste
Teilnehmerliste,Anwesenheitsliste
Teilnehmerliste,Teilnehmendenliste
Teilnehmerzahl,Teilnahmezahl
Teilnehmerzahl,Gruppengröße
Teilnehmerzahl,Anmeldezahl
Terrorist,des Terrors verdächtigte Person
Terrorist,eines Terroranschlags überführte Person
Terroristen,Terrorisierende
Testleiter,Testleitung
Theaterpädagoge,theaterpädagogische Fachkraft
Theoretiker,theoretisch Arbeitende
Therapeut,therapeutisches Fachpersonal
Therapeuten,Therapierende
Touristen,Urlaubsgäste
Trainer,Übungsleitung
Trainer,Referierende
Trainer,Vortragende
Trainer,Unterrichtende
Trainer,Lehrende
Tutor,studentische Hilfskraft
Tutoren,Übungsleitende
Tutoren,Tutoriumsbegleitende
Tutoren,Ratgebende
Tutoren,Begleitung
übermannen,überkommen
übermannen,überwältigen
Übersetzer,Übersetzende
Übersetzer,Literatur Übersetzende
Übungsleiter,sportliche Anleitung
Übungsleiter,technische Anleitung
Übungsleiter,praktische Anleitung
Übungsleiter,anleitende Person
Umschüler,Umlernende
Umschüler,Umschulende
Umschüler,die zu Qualifizierenden
Umschüler,Personen in beruflicher Neuorientierung
unbemannt,ohne Besatzung
unbemannt,maschinengesteuert
unbemannt,autonom
unbemannt,ferngesteuert
unbemannt,unbesetzt
unbemannt,robotisch
unbemannte Raumfahrt,robotische Raumfahrt
Unternehmer,Gewerbe betreibende Person
Unternehmer,selbstständige Person
Unternehmer,Selbstständige
Unternehmer,Wirtschaftstreibende
Unternehmer,Geschäftsleute
Unternehmer,Gewerbe Betreibende
Unterstützer,support
Unterstützer,Geldgebende
Unterstützer,Förderung durch
Urheberrecht,Copyright
Urheberrecht,Recht auf geistiges Eigentum
Urlauber,Reisende
User,Nutzende
User,"Personen, die Apps nutzen"
User,"Personen, die Software nutzen"
User,Mitglieder
V-Mann,V-Person
V-Männer,V-Leute
Vater,Elternteil
Vaterland,Heimatland
Vaterland,Geburtsland
Vaterland,Erstland
Veranstalter,veranstaltet durch
Veranstalter,veranstaltet von
Verantwortlicher,die Verantwortung tragende Person
Verantwortlicher,verantwortliche Person
Verbandsgesellschafter,Vertretungen der Verbände
Verbandsgesellschafter,Beteiligte der Verbände
Verbandsvertreter,Vertretungen der Verbände
Verbandsvertreter,Beteiligte der Verbände
Verbraucher,Kundschaft
Verbraucher,Konsumierende
Verbraucherschützer,für den Verbraucherschutz beauftragte Person
Verbrecher,"Person, die eine Straftat begeht"
Verbrecher,"Person, die ein Verbrechen begeht"
Verfasser,verfasst von
Verfasser,Autorenschaft
Verkäufer,Kaufhauspersonal
Verkäufer,Personal
Verkehrssünder,Verkehrsregeln missachtende Person
Verkehrsteilnehmer,Verkehrsbeteiligte
Verleger,Publizierende
Verlierer,der letzte Platz
Verlierer,die Letzten
Vermieter,vermietende Person
Vermittler,Mittelsperson
Versichertenkarte,Versicherungskarte
Versichertenkarte,Gesundheitskarte
Versichertennummer,Versicherungsnummer
Versicherungsnehmer,versicherte Person
Versicherungsnehmer,versicherte Personen
Versicherungsnehmer,Versicherte
Versuchsleiter,Versuchsleitung
Verteidiger,Verteidigung
Verteidiger,Rechtsvertretung
Vertragspartner,Vertragsparteien
Vertreter,in vertretender Position
Vertreter,vertreten durch
Vertreter,Vertretung
Vertreter,Delegierte
Vertreter,Abgesandte
Vertreter,Abgeordnete
Vertreter,Beauftragte
Verwandter,Familienmitglied
Veteran,altgediente Person
Veteranen,Altgediente
Veteranen,ehemalige Kriegsteilnehmende
Vorgesetzter,Führungskraft
Vormund,die Vormundschaft innehabende Person
Vormund,Vormundschaft
Vorläufer,älteres/altes Modell
Vorreiter,Person an der Spitze
Vorreiter,"Person, die etwas vorlebt"
Vorreiter,"Person, die voraus denkt"
Vorreiter,"Person, die voraus handelt"
Vorsitzender,den 1. Vorsitz hat
Vorstand,Vorstandsmitglied
Vorstand,im Vorstand
Wächter,Wache
Wähler,Wahlberechtigte
Wähler,"alle, die zur Wahl gegangen sind"
Wählerinitiative,Initiative der Wahlberechtigten
Wählerverzeichnis,Wählendenverzeichnis
Waidmannsheil!,Waidleutsheil!
Wart,überwachende Person
Wegbereiter,Weg bereitende Person
Wegewart,Wege überwachende Person
weltmännisch,cosmopolitisch
weltmännisch,weltgewandt
Weltmarktführer,Weltmarktführende
Wettbewerber,Konkurrenz
Wettbewerber,Wettbewerbsteilnehmende
Wissenschaftler,Forschende
Wissenschaftler,wissenschaftliches Personal der Universität
Witwer,Verwitwete
Workshopleiter,Workshopleitung
Xylophonspieler,Xylophon Spielende
Zahnarztpraxis,Praxis für Zahnerhaltung
Zahnarztpraxis,zahnmedizinische Praxis
Zahnarztpraxis,Praxis für Zahnmedizin
Zauberer,Zaubertrick vorführende Person
Zauberer,Zauberkunstschaffende
Zehnkämpfer,am Zehnkampf teilnehmende Person
Zeitgenosse,Mitmensch
Zeuge,bezeugende Person
Zeugen,Bezeugende
Zimmermädchen,Servicekraft
Zimmermädchen,Raumpflege
Zimmermädchen,Reinigungskraft
Zivilist,Zivilperson
Zivilisten,Zivilpersonen
Zoobesucher,Zoogäste
Zoobesucher,Zoobesuche
Zuhörer,Publikum
Zuhörer,Auditorium
Zuschauer,Person aus dem Publikum
Zuschauer,Publikum
Zuständiger,zuständige Person
Zuwanderer,Zugewanderte
Zuwanderer,Personen mit Migrationshintergrund
Zuwanderer,Eingewanderte
Zuwanderer,Migrierte
